img_id,prt_id
hsinls-1.png,prototype2.png
hsinls-3.png,prototype3.png
gs16te-1.png,prototype1.png
gs16te-1.png,prototype4.png
gs16te-2.png,prototype1.png
gs16te-3.png,prototype1.png
gs16te-3.png,prototype2.png
gs16te-4.png,prototype3.png
q8zajp-1.png,prototype1.png
q8zajp-4.png,prototype4.png
noe6ck-2.png,prototype2.png
noe6ck-2.png,prototype4.png
noe6ck-3.png,prototype4.png
noe6ck-4.png,prototype1.png
noe6ck-4.png,prototype4.png
cktdi9-2.png,prototype3.png
cktdi9-2.png,prototype4.png
wqufrn-3.png,prototype3.png
wqufrn-4.png,prototype3.png
vt3ydj-3.png,prototype1.png
vt3ydj-3.png,prototype3.png
vt3ydj-3.png,prototype4.png
v5sueo-1.png,prototype1.png
v5sueo-1.png,prototype4.png
v5sueo-2.png,prototype2.png
v5sueo-3.png,prototype2.png
v5sueo-4.png,prototype1.png
v5sueo-4.png,prototype3.png
iffzsd-3.png,prototype3.png
iffzsd-4.png,prototype2.png
iffzsd-4.png,prototype4.png
f9w1z2-1.png,prototype2.png
f9w1z2-2.png,prototype4.png
f9w1z2-3.png,prototype4.png
f9w1z2-4.png,prototype3.png
woproj-2.png,prototype1.png
woproj-3.png,prototype2.png
woproj-4.png,prototype3.png
t7oifc-2.png,prototype4.png
t7oifc-3.png,prototype3.png
t7oifc-3.png,prototype4.png
p63v13-2.png,prototype4.png
p63v13-3.png,prototype4.png
i73s61-1.png,prototype4.png
i73s61-2.png,prototype2.png
i73s61-2.png,prototype3.png
ge70df-1.png,prototype3.png
ge70df-2.png,prototype2.png
ge70df-3.png,prototype3.png
ge70df-4.png,prototype1.png
rpbafl-1.png,prototype4.png
rpbafl-2.png,prototype1.png
rpbafl-4.png,prototype1.png
k5e25s-1.png,prototype3.png
k5e25s-3.png,prototype1.png
k5e25s-4.png,prototype1.png
k5e25s-4.png,prototype4.png
i58hvn-1.png,prototype2.png
i58hvn-1.png,prototype3.png
i58hvn-1.png,prototype4.png
mrhaac-1.png,prototype3.png
mrhaac-1.png,prototype4.png
mrhaac-2.png,prototype4.png
mrhaac-4.png,prototype2.png
mrhaac-4.png,prototype3.png
mioi5k-2.png,prototype1.png
mioi5k-2.png,prototype4.png
mioi5k-4.png,prototype3.png
n6hy56-4.png,prototype2.png
n6hy56-4.png,prototype4.png
etqbog-1.png,prototype2.png
etqbog-1.png,prototype4.png
etqbog-2.png,prototype3.png
etqbog-3.png,prototype1.png
etqbog-3.png,prototype4.png
etqbog-4.png,prototype3.png
etqbog-4.png,prototype4.png
hfky35-2.png,prototype1.png
hfky35-3.png,prototype1.png
hfky35-3.png,prototype2.png
hfky35-4.png,prototype4.png
jy4ypn-2.png,prototype1.png
jy4ypn-2.png,prototype4.png
jy4ypn-3.png,prototype3.png
h2va9e-3.png,prototype1.png
xt888o-1.png,prototype1.png
xt888o-1.png,prototype2.png
xt888o-1.png,prototype4.png
xt888o-4.png,prototype2.png
xt888o-4.png,prototype3.png
xt888o-4.png,prototype4.png
bto5xt-1.png,prototype3.png
bto5xt-2.png,prototype1.png
bto5xt-2.png,prototype2.png
c5nh2b-1.png,prototype1.png
c5nh2b-2.png,prototype2.png
c5nh2b-2.png,prototype3.png
c5nh2b-3.png,prototype3.png
c5nh2b-3.png,prototype4.png
u9erui-1.png,prototype3.png
u9erui-3.png,prototype2.png
fvw6d3-2.png,prototype3.png
fvw6d3-3.png,prototype1.png
fvw6d3-3.png,prototype4.png
fvw6d3-4.png,prototype1.png
wgonkv-2.png,prototype1.png
wgonkv-2.png,prototype2.png
wgonkv-2.png,prototype3.png
wgonkv-2.png,prototype4.png
wgonkv-3.png,prototype4.png
wgonkv-4.png,prototype1.png
wgonkv-4.png,prototype2.png
ewdsfr-2.png,prototype1.png
ewdsfr-3.png,prototype4.png
ewdsfr-4.png,prototype3.png
jl0uq8-1.png,prototype1.png
jl0uq8-1.png,prototype3.png
jl0uq8-1.png,prototype4.png
jl0uq8-3.png,prototype2.png
gesw69-2.png,prototype1.png
gesw69-3.png,prototype2.png
gesw69-4.png,prototype3.png
iqhdm0-1.png,prototype1.png
iqhdm0-2.png,prototype4.png
iqhdm0-3.png,prototype4.png
bnbq2z-2.png,prototype4.png
bnbq2z-3.png,prototype1.png
bnbq2z-4.png,prototype2.png
bnbq2z-4.png,prototype4.png
c2oyi6-1.png,prototype4.png
c2oyi6-2.png,prototype1.png
c2oyi6-3.png,prototype2.png
c2oyi6-4.png,prototype2.png
c2oyi6-4.png,prototype3.png
bb93kz-1.png,prototype4.png
bb93kz-2.png,prototype2.png
bb93kz-2.png,prototype4.png
bb93kz-3.png,prototype2.png
bb93kz-4.png,prototype3.png
byp0c8-2.png,prototype4.png
byp0c8-3.png,prototype1.png
byp0c8-3.png,prototype2.png
byp0c8-4.png,prototype1.png
byp0c8-4.png,prototype3.png
inhod3-1.png,prototype1.png
inhod3-1.png,prototype3.png
inhod3-1.png,prototype4.png
inhod3-2.png,prototype2.png
inhod3-3.png,prototype1.png
inhod3-3.png,prototype2.png
inhod3-3.png,prototype4.png
inhod3-4.png,prototype1.png
inhod3-4.png,prototype4.png
a74d3k-1.png,prototype2.png
a74d3k-4.png,prototype2.png
svlnk1-1.png,prototype1.png
svlnk1-4.png,prototype1.png
svlnk1-4.png,prototype2.png
